{"v":{"0":538,"1":2027,"2":1939,"3":400,"4":3468,"5":6810,"6":3625,"7":1581,"8":5673,"9":1750,"10":146,"11":7375,"12":18385,"13":816,"14":215,"15":1501,"16":316,"17":4547,"18":3035,"19":5711,"20":500,"21":901,"22":2009,"23":1518,"24":253,"25":1732},"vw":{"0":2.1337,"1":2.1395,"2":2.122,"3":2.09,"4":2.0822,"5":2.0664,"6":2.0002,"7":2.0077,"8":1.9593,"9":1.969,"10":1.9952,"11":1.9572,"12":1.9392,"13":1.9202,"14":1.99,"15":1.9853,"16":1.95,"17":1.9893,"18":1.9912,"19":1.9734,"20":2.0,"21":1.9615,"22":1.9701,"23":1.9498,"24":1.95,"25":1.9502},"o":{"0":2.13,"1":2.135,"2":2.13,"3":2.09,"4":2.085,"5":2.08,"6":2.0,"7":2.025,"8":2.0,"9":1.955,"10":1.9954,"11":1.98,"12":1.98,"13":1.92,"14":1.99,"15":1.9853,"16":1.95,"17":1.975,"18":1.99,"19":2.03,"20":2.0,"21":1.98,"22":1.9951,"23":1.95,"24":1.95,"25":1.96},"c":{"0":2.13,"1":2.14,"2":2.1,"3":2.09,"4":2.079,"5":2.05,"6":2.0,"7":2.0,"8":1.95,"9":1.96,"10":1.9954,"11":1.94,"12":1.8901,"13":1.9158,"14":1.99,"15":1.9853,"16":1.95,"17":1.9881,"18":2.0,"19":1.96,"20":2.0,"21":1.93,"22":1.95,"23":1.95,"24":1.95,"25":1.96},"h":{"0":2.14,"1":2.14,"2":2.13,"3":2.09,"4":2.09,"5":2.08,"6":2.0,"7":2.025,"8":2.0,"9":1.9999,"10":1.9954,"11":1.98,"12":1.99,"13":1.92,"14":1.99,"15":1.9853,"16":1.95,"17":1.99,"18":2.0,"19":2.03,"20":2.0,"21":1.99,"22":2.0,"23":1.95,"24":1.95,"25":1.96},"l":{"0":2.13,"1":2.135,"2":2.1,"3":2.09,"4":2.0701,"5":2.05,"6":2.0,"7":2.0,"8":1.95,"9":1.955,"10":1.9954,"11":1.94,"12":1.8901,"13":1.9158,"14":1.99,"15":1.9853,"16":1.95,"17":1.975,"18":1.9899,"19":1.94,"20":2.0,"21":1.93,"22":1.95,"23":1.9499,"24":1.95,"25":1.945},"t":{"0":1696270500000,"1":1696272300000,"2":1696273200000,"3":1696274100000,"4":1696275000000,"5":1696275900000,"6":1696339800000,"7":1696340700000,"8":1696341600000,"9":1696342500000,"10":1696343400000,"11":1696344300000,"12":1696345200000,"13":1696346100000,"14":1696347000000,"15":1696347900000,"16":1696348800000,"17":1696354200000,"18":1696355100000,"19":1696356000000,"20":1696356900000,"21":1696357800000,"22":1696358700000,"23":1696359600000,"24":1696361400000,"25":1696362300000},"n":{"0":8,"1":28,"2":22,"3":1,"4":27,"5":50,"6":8,"7":19,"8":12,"9":6,"10":3,"11":45,"12":6,"13":5,"14":1,"15":2,"16":3,"17":11,"18":21,"19":36,"20":4,"21":13,"22":12,"23":16,"24":2,"25":34},"sma_20":{"0":2.12487,"1":2.12187,"2":2.11487,"3":2.11037,"4":2.10232,"5":2.09582,"6":2.08682,"7":2.08232,"8":2.073815,"9":2.067815,"10":2.063585,"11":2.057085,"12":2.04809,"13":2.04036,"14":2.03586,"15":2.03112,"16":2.02462,"17":2.01894,"18":2.01319,"19":2.005685,"20":1.999185,"21":1.988685,"22":1.981185,"23":1.974185,"24":1.967735,"25":1.963235},"sma_50":{"0":2.339178,"1":2.327778,"2":2.315578,"3":2.302442,"4":2.289422,"5":2.275822,"6":2.262822,"7":2.250822,"8":2.239222,"9":2.225692,"10":2.2136,"11":2.2012,"12":2.186802,"13":2.171118,"14":2.158618,"15":2.146124,"16":2.134124,"17":2.124886,"18":2.113486,"19":2.104486,"20":2.098386,"21":2.08981,"22":2.081616,"23":2.074816,"24":2.067816,"25":2.063016},"sma_100":{"0":2.620369,"1":2.614269,"2":2.606269,"3":2.598719,"4":2.590709,"5":2.582409,"6":2.573609,"7":2.565242,"8":2.556342,"9":2.547642,"10":2.539595,"11":2.530995,"12":2.521896,"13":2.512854,"14":2.503554,"15":2.494507,"16":2.485707,"17":2.476288,"18":2.467138,"19":2.457238,"20":2.447138,"21":2.437138,"22":2.427038,"23":2.415038,"24":2.403438,"25":2.391838},"rsi":{"0":42.8091356314,"1":44.3517829543,"2":39.7348245312,"3":38.6515549632,"4":37.4423343849,"5":34.387877973,"6":29.8643184239,"7":29.8643184239,"8":25.9112631528,"9":27.9649711422,"10":34.8497577282,"11":30.0149849892,"12":26.4549178896,"13":30.9945504632,"14":42.1056859725,"15":41.6482290228,"16":38.2839802908,"17":43.5812264326,"18":45.1643751377,"19":40.9997406461,"20":46.3294286623,"21":39.5895621195,"22":42.1778080663,"23":42.1778080663,"24":42.1778080663,"25":43.6845712775},"upper_bb":{"0":2.2395188846,"1":2.2312607934,"2":2.2093310663,"3":2.2002299401,"4":2.1691889716,"5":2.1558158455,"6":2.1476438734,"7":2.1544243571,"8":2.1648094886,"9":2.1719662923,"10":2.1724191911,"11":2.1790429613,"12":2.1908074448,"13":2.1942958226,"14":2.1901781457,"15":2.1855402823,"16":2.1813046729,"17":2.1720550568,"18":2.1596068512,"19":2.1464656248,"20":2.1272262972,"21":2.1016609411,"22":2.0823439947,"23":2.0621553604,"24":2.0410417176,"25":2.0254962585},"lower_bb":{"0":2.0102211154,"1":2.0124792066,"2":2.0204089337,"3":2.0205100599,"4":2.0354510284,"5":2.0358241545,"6":2.0259961266,"7":2.0102156429,"8":1.9828205114,"9":1.9636637077,"10":1.9547508089,"11":1.9351270387,"12":1.9053725552,"13":1.8864241774,"14":1.8815418543,"15":1.8766997177,"16":1.8679353271,"17":1.8658249432,"18":1.8667731488,"19":1.8649043752,"20":1.8711437028,"21":1.8757090589,"22":1.8800260053,"23":1.8862146396,"24":1.8944282824,"25":1.9009737415},"e26":{"0":2.1760015155,"1":2.1733347365,"2":2.1679025338,"3":2.1621319758,"4":2.1559740516,"5":2.1481241219,"6":2.1371519647,"7":2.1269925599,"8":2.1138819999,"9":2.1024833333,"10":2.0945512345,"11":2.0831029949,"12":2.0688064768,"13":2.0574726637,"14":2.0524746886,"15":2.0474987857,"16":2.0402766535,"17":2.0364117162,"18":2.033714552,"19":2.0282542148,"20":2.02616131,"21":2.01903825,"22":2.0139243056,"23":2.0091891718,"24":2.0048047887,"25":2.0014859155},"e12":{"0":2.1114715798,"1":2.1158605675,"2":2.1134204802,"3":2.1098173294,"4":2.1050762018,"5":2.09660294,"6":2.0817409492,"7":2.0691654186,"8":2.0508322773,"9":2.0368580808,"10":2.0304799145,"11":2.0165599276,"12":1.9971045542,"13":1.9845961612,"14":1.985427521,"15":1.9854079024,"16":1.9799605328,"17":1.9812127585,"18":1.9841031034,"19":1.9803949336,"20":1.9834110977,"21":1.9751940057,"22":1.9713180048,"23":1.9680383118,"24":1.9652631869,"25":1.9644534658},"MACD":{"0":-0.0645299356,"1":-0.057474169,"2":-0.0544820536,"3":-0.0523146463,"4":-0.0508978498,"5":-0.0515211819,"6":-0.0554110155,"7":-0.0578271413,"8":-0.0630497227,"9":-0.0656252525,"10":-0.06407132,"11":-0.0665430673,"12":-0.0717019226,"13":-0.0728765025,"14":-0.0670471676,"15":-0.0620908833,"16":-0.0603161206,"17":-0.0551989576,"18":-0.0496114486,"19":-0.0478592812,"20":-0.0427502123,"21":-0.0438442443,"22":-0.0426063007,"23":-0.04115086,"24":-0.0395416018,"25":-0.0370324496},"e9":{"0":-0.0847632115,"1":-0.079305403,"2":-0.0743407331,"3":-0.0699355158,"4":-0.0661279826,"5":-0.0632066224,"6":-0.061647501,"7":-0.0608834291,"8":-0.0613166878,"9":-0.0621784008,"10":-0.0625569846,"11":-0.0633542011,"12":-0.0650237454,"13":-0.0665942968,"14":-0.066684871,"15":-0.0657660734,"16":-0.0646760829,"17":-0.0627806578,"18":-0.060146816,"19":-0.057689309,"20":-0.0547014897,"21":-0.0525300406,"22":-0.0505452926,"23":-0.0486664061,"24":-0.0468414453,"25":-0.0448796461},"HIST":{"0":0.0202332759,"1":0.021831234,"2":0.0198586795,"3":0.0176208694,"4":0.0152301328,"5":0.0116854406,"6":0.0062364856,"7":0.0030562878,"8":-0.0017330348,"9":-0.0034468518,"10":-0.0015143354,"11":-0.0031888661,"12":-0.0066781772,"13":-0.0062822056,"14":-0.0003622966,"15":0.0036751901,"16":0.0043599622,"17":0.0075817002,"18":0.0105353674,"19":0.0098300278,"20":0.0119512774,"21":0.0086857963,"22":0.0079389919,"23":0.0075155461,"24":0.0072998434,"25":0.0078471965}}