{"v":{"0":39605.75,"1":732273.8499999999,"2":445036.8000000003,"3":9933.0,"4":1336.15,"5":90501.6,"6":59626.45,"7":5.35,"8":9682.35,"9":78998.35,"10":19850.4,"11":180.0,"12":30243.85,"13":116162.3500000001,"14":1725.8,"15":8021.0,"16":288068.0,"17":47471.0,"18":41269.0,"19":51316.0,"20":59131.0,"21":18479.0,"22":1432.0,"23":42489.0,"24":145.0,"25":7084.0,"26":10163.0,"27":150.0,"28":208.0,"29":40250.0,"30":5730.0,"31":23409.0,"32":51965.0,"33":28141.0,"34":9570.0,"35":22997.0,"36":10534.0,"37":740.0,"38":22557.0,"39":670.0,"40":39850.0,"41":31800.0,"42":716.0,"43":13080.0,"44":5696.0,"45":4803.0,"46":144339.0,"47":56503.0,"48":9098.0,"49":2781.0,"50":32469.0,"51":110.0,"52":6926.0,"53":12403.0,"54":12440.0,"55":2080.0,"56":12994.0,"57":209.0,"58":19031.0,"59":15026.0,"60":1413.0,"61":15774.0,"62":21322.0,"63":6080.0,"64":7293.0,"65":28931.0,"66":26256.0,"67":180317.0,"68":291151.0,"69":91081.0,"70":39196.0,"71":7000.0,"72":12781.0,"73":51347.0,"74":5037.0,"75":6093.0,"76":4570.0,"77":350.0,"78":3761.0},"vw":{"0":3.4788,"1":4.6743,"2":3.589,"3":2.9142,"4":2.8485,"5":2.7186,"6":2.454,"7":2.538,"8":2.3999,"9":2.2781,"10":2.2431,"11":2.26,"12":2.4025,"13":2.584,"14":2.6173,"15":2.4998,"16":2.0463,"17":2.2216,"18":2.0531,"19":2.0317,"20":2.0404,"21":2.1396,"22":2.0215,"23":2.0793,"24":2.1,"25":2.0296,"26":2.1103,"27":2.15,"28":2.1185,"29":2.2941,"30":2.3222,"31":2.4764,"32":2.5479,"33":2.6678,"34":2.6821,"35":2.4583,"36":2.2393,"37":2.2554,"38":2.2534,"39":2.28,"40":2.1085,"41":1.9715,"42":1.9526,"43":1.8148,"44":1.6801,"45":1.7559,"46":1.7198,"47":1.8204,"48":1.8424,"49":1.8279,"50":1.8689,"51":1.8209,"52":1.8996,"53":1.9331,"54":1.9616,"55":2.008,"56":2.1172,"57":2.05,"58":2.0559,"59":1.8783,"60":1.8857,"61":1.8886,"62":1.8404,"63":1.836,"64":1.7977,"65":1.7741,"66":1.6124,"67":1.2753,"68":0.6239,"69":0.5834,"70":0.515,"71":0.515,"72":0.4929,"73":0.4503,"74":0.4674,"75":0.4571,"76":0.467,"77":0.45,"78":0.5009},"o":{"0":3.156,"1":3.9,"2":4.156,"3":3.12,"4":3.0,"5":2.68,"6":2.464,"7":2.538,"8":2.552,"9":2.396,"10":2.212,"11":2.26,"12":2.296,"13":2.382,"14":2.756,"15":2.7,"16":2.419,"17":2.255,"18":2.14,"19":2.03,"20":1.91,"21":2.14,"22":2.06,"23":2.16,"24":2.1,"25":2.1,"26":2.035,"27":2.15,"28":2.16,"29":2.1,"30":2.44,"31":2.2573,"32":2.5497,"33":2.37,"34":2.6601,"35":2.58,"36":2.3,"37":2.24,"38":2.23,"39":2.28,"40":2.24,"41":2.035,"42":1.99,"43":1.93,"44":1.7,"45":1.76,"46":1.7391,"47":1.82,"48":1.83,"49":1.8,"50":1.82,"51":1.8209,"52":1.89,"53":1.89,"54":1.91,"55":2.05,"56":2.0081,"57":2.05,"58":2.12,"59":1.9,"60":1.88,"61":1.8843,"62":1.84,"63":1.857,"64":1.83,"65":1.77,"66":1.73,"67":1.46,"68":0.52,"69":0.61,"70":0.535,"71":0.5125,"72":0.51,"73":0.43,"74":0.43,"75":0.45,"76":0.43,"77":0.45,"78":0.45},"c":{"0":3.56,"1":4.128,"2":3.156,"3":2.9,"4":2.68,"5":2.468,"6":2.46,"7":2.538,"8":2.396,"9":2.214,"10":2.4,"11":2.26,"12":2.384,"13":2.732,"14":2.74,"15":2.44,"16":2.25,"17":2.16,"18":2.03,"19":2.0,"20":2.14,"21":2.11,"22":2.03,"23":2.0,"24":2.1,"25":2.05,"26":2.14,"27":2.15,"28":2.16,"29":2.4001,"30":2.37,"31":2.53,"32":2.61,"33":2.6655,"34":2.7991,"35":2.34,"36":2.31,"37":2.27,"38":2.27,"39":2.28,"40":2.035,"41":1.94,"42":1.94,"43":1.7001,"44":1.61,"45":1.76,"46":1.74,"47":1.8311,"48":1.8487,"49":1.87,"50":1.8701,"51":1.8209,"52":1.9,"53":2.0,"54":1.99,"55":2.04,"56":2.12,"57":2.05,"58":1.97,"59":1.91,"60":1.88,"61":1.89,"62":1.89,"63":1.82,"64":1.76,"65":1.81,"66":1.46,"67":1.2499,"68":0.615,"69":0.535,"70":0.5148,"71":0.525,"72":0.5,"73":0.49,"74":0.52,"75":0.4505,"76":0.52,"77":0.45,"78":0.509},"h":{"0":4.398,"1":6.054,"2":4.324,"3":3.156,"4":3.0,"5":3.198,"6":2.554,"7":2.538,"8":2.552,"9":2.5,"10":2.69,"11":2.26,"12":2.6,"13":2.844,"14":2.758,"15":2.7,"16":2.5,"17":2.32,"18":2.1607,"19":2.09,"20":2.2,"21":2.1899,"22":2.06,"23":2.16,"24":2.1,"25":2.1,"26":2.19,"27":2.15,"28":2.16,"29":2.45,"30":2.44,"31":2.56,"32":2.7,"33":2.75,"34":2.7991,"35":2.605,"36":2.31,"37":2.27,"38":2.31,"39":2.28,"40":2.2593,"41":2.04,"42":1.99,"43":1.93,"44":1.7047,"45":1.79,"46":1.81,"47":1.9,"48":1.8691,"49":1.87,"50":1.91,"51":1.8209,"52":1.93,"53":2.16,"54":2.06,"55":2.05,"56":2.22,"57":2.05,"58":2.14,"59":1.92,"60":1.937,"61":1.9094,"62":1.89,"63":1.8938,"64":1.835,"65":1.81,"66":1.77,"67":1.51,"68":1.0,"69":0.66,"70":0.55,"71":0.525,"72":0.53,"73":0.52,"74":0.52,"75":0.52,"76":0.52,"77":0.45,"78":0.509},"l":{"0":2.94,"1":3.416,"2":3.0,"3":2.6,"4":2.656,"5":2.456,"6":2.4,"7":2.538,"8":2.328,"9":2.122,"10":2.142,"11":2.26,"12":2.216,"13":2.379,"14":2.526,"15":2.4,"16":1.8601,"17":2.08,"18":1.98,"19":1.9694,"20":1.9,"21":2.11,"22":1.98,"23":2.0,"24":2.1,"25":2.0,"26":2.035,"27":2.15,"28":2.16,"29":2.1,"30":2.25,"31":2.25,"32":2.42,"33":2.37,"34":2.66,"35":2.31,"36":2.2,"37":2.24,"38":2.23,"39":2.28,"40":2.0201,"41":1.88,"42":1.94,"43":1.7,"44":1.61,"45":1.75,"46":1.61,"47":1.6801,"48":1.82,"49":1.8,"50":1.81,"51":1.8209,"52":1.85,"53":1.89,"54":1.8814,"55":1.95,"56":2.0081,"57":2.05,"58":1.94,"59":1.77,"60":1.88,"61":1.88,"62":1.782,"63":1.765,"64":1.76,"65":1.73,"66":1.46,"67":1.18,"68":0.52,"69":0.53,"70":0.485,"71":0.5,"72":0.47,"73":0.43,"74":0.43,"75":0.45,"76":0.43,"77":0.45,"78":0.45},"t":{"0":1692207900000,"1":1692256500000,"2":1692280800000,"3":1692305100000,"4":1692329400000,"5":1692353700000,"6":1692378000000,"7":1692402300000,"8":1692596700000,"9":1692621000000,"10":1692645300000,"11":1692669600000,"12":1692693900000,"13":1692718200000,"14":1692742500000,"15":1692766800000,"16":1692791100000,"17":1692815400000,"18":1692864000000,"19":1692888300000,"20":1692961200000,"21":1692985500000,"22":1693204200000,"23":1693228500000,"24":1693252800000,"25":1693301400000,"26":1693325700000,"27":1693350000000,"28":1693374300000,"29":1693398600000,"30":1693422900000,"31":1693471500000,"32":1693495800000,"33":1693568700000,"34":1693593000000,"35":1693908900000,"36":1693933200000,"37":1693981800000,"38":1694006100000,"39":1694030400000,"40":1694079000000,"41":1694103300000,"42":1694151900000,"43":1694176200000,"44":1694200500000,"45":1694419200000,"46":1694443500000,"47":1694516400000,"48":1694540700000,"49":1694589300000,"50":1694613600000,"51":1694637900000,"52":1694686500000,"53":1694710800000,"54":1694783700000,"55":1695026700000,"56":1695051000000,"57":1695075300000,"58":1695123900000,"59":1695148200000,"60":1695196800000,"61":1695221100000,"62":1695294000000,"63":1695318300000,"64":1695366900000,"65":1695391200000,"66":1695634200000,"67":1695658500000,"68":1695731400000,"69":1695755700000,"70":1695804300000,"71":1695828600000,"72":1695901500000,"73":1695925800000,"74":1695974400000,"75":1695998700000,"76":1696241700000,"77":1696266000000,"78":1696338900000},"n":{"0":1341,"1":24285,"2":11056,"3":258,"4":83,"5":2979,"6":2394,"7":8,"8":264,"9":11238,"10":3258,"11":17,"12":4245,"13":13220,"14":63,"15":92,"16":5944,"17":702,"18":358,"19":495,"20":891,"21":274,"22":8,"23":539,"24":1,"25":70,"26":118,"27":1,"28":5,"29":312,"30":39,"31":192,"32":304,"33":222,"34":97,"35":153,"36":123,"37":12,"38":200,"39":1,"40":575,"41":629,"42":18,"43":216,"44":71,"45":54,"46":776,"47":427,"48":70,"49":13,"50":181,"51":1,"52":48,"53":60,"54":90,"55":18,"56":135,"57":3,"58":202,"59":141,"60":6,"61":81,"62":89,"63":47,"64":45,"65":137,"66":166,"67":1220,"68":361,"69":60,"70":57,"71":11,"72":25,"73":30,"74":19,"75":11,"76":21,"77":2,"78":10},"otc":{"0":null,"1":null,"2":null,"3":null,"4":null,"5":null,"6":null,"7":null,"8":null,"9":null,"10":null,"11":null,"12":null,"13":null,"14":null,"15":null,"16":null,"17":null,"18":null,"19":null,"20":null,"21":null,"22":null,"23":null,"24":null,"25":null,"26":null,"27":null,"28":null,"29":null,"30":null,"31":null,"32":null,"33":null,"34":null,"35":null,"36":null,"37":null,"38":null,"39":null,"40":null,"41":null,"42":null,"43":null,"44":null,"45":null,"46":null,"47":null,"48":null,"49":null,"50":null,"51":null,"52":null,"53":null,"54":null,"55":null,"56":null,"57":null,"58":null,"59":null,"60":null,"61":null,"62":null,"63":null,"64":null,"65":null,