{"v":{"0":4800.0,"1":2439.0,"2":1183.0,"3":6258.0,"4":200.0,"5":19982.0,"6":2803.0,"7":1200.0,"8":10783.0,"9":6238.0,"10":2500.0,"11":11312.0,"12":5422.0,"13":10418.0,"14":5238.0,"15":6899.0,"16":269.0,"17":8599.0,"18":21050.0,"19":528.0,"20":300.0,"21":24917.0,"22":916.0,"23":8021.0,"24":28779.0,"25":700.0,"26":18033.0,"27":8177.0,"28":789.0,"29":17828.0,"30":1076.0,"31":750.0,"32":800.0,"33":7858.0,"34":1000.0,"35":1671.0,"36":1580.0,"37":615.0,"38":21905.0,"39":200.0,"40":13160.0,"41":11149.0,"42":1772.0,"43":6122.0,"44":666.0,"45":13289.0,"46":10601.0,"47":7598.0,"48":7306.0,"49":490.0},"vw":{"0":1.095,"1":1.0769,"2":1.0818,"3":1.0511,"4":1.07,"5":1.0189,"6":0.9602,"7":1.01,"8":0.9928,"9":0.9563,"10":0.942,"11":0.9829,"12":1.0087,"13":0.9466,"14":0.9563,"15":0.9375,"16":0.91,"17":0.9003,"18":0.8594,"19":0.8105,"20":0.8678,"21":0.8205,"22":0.8525,"23":0.8072,"24":0.7071,"25":0.8063,"26":0.8072,"27":0.8124,"28":0.793,"29":0.838,"30":0.808,"31":0.7873,"32":0.78,"33":0.7244,"34":0.7597,"35":0.749,"36":0.7584,"37":0.7772,"38":0.7674,"39":0.7742,"40":0.7513,"41":0.7311,"42":0.9932,"43":0.8235,"44":0.8122,"45":0.8211,"46":0.7964,"47":0.7537,"48":0.7392,"49":0.73},"o":{"0":1.14,"1":1.07,"2":1.07,"3":1.05,"4":1.07,"5":1.06,"6":0.97,"7":1.01,"8":0.9981,"9":0.95,"10":0.94,"11":0.978,"12":0.9602,"13":0.99,"14":0.954949,"15":0.95,"16":0.91,"17":0.91,"18":0.87,"19":0.81,"20":0.87,"21":0.811,"22":0.8615,"23":0.85,"24":0.775,"25":0.8,"26":0.8013,"27":0.77,"28":0.793,"29":0.81,"30":0.8177,"31":0.78,"32":0.78,"33":0.7203,"34":0.739,"35":0.742,"36":0.7444,"37":0.7772,"38":0.7644,"39":0.7742,"40":0.7742,"41":0.7444,"42":0.769,"43":0.8806,"44":0.8,"45":0.85,"46":0.8202,"47":0.785,"48":0.7288,"49":0.73},"c":{"0":1.0701,"1":1.14,"2":1.09,"3":1.05,"4":1.07,"5":1.0,"6":0.9273,"7":1.01,"8":1.0,"9":0.945,"10":0.95,"11":0.9799,"12":1.0395,"13":0.93,"14":0.93,"15":0.91,"16":0.91,"17":0.9,"18":0.87,"19":0.81,"20":0.87,"21":0.8245,"22":0.86,"23":0.8,"24":0.75,"25":0.8073,"26":0.775,"27":0.8259,"28":0.793,"29":0.7748,"30":0.81,"31":0.815,"32":0.78,"33":0.79955,"34":0.762,"35":0.75,"36":0.767025,"37":0.7772,"38":0.7694,"39":0.7742,"40":0.755,"41":0.75,"42":1.02,"43":0.8,"44":0.8183,"45":0.8202,"46":0.785,"47":0.729,"48":0.73,"49":0.73},"h":{"0":1.14,"1":1.14,"2":1.1,"3":1.07,"4":1.07,"5":1.0999,"6":0.97,"7":1.01,"8":1.03,"9":1.05,"10":0.95,"11":1.05,"12":1.0395,"13":1.0,"14":0.96,"15":0.95,"16":0.91,"17":0.91,"18":0.8999,"19":0.81,"20":0.87,"21":0.8472,"22":0.8615,"23":0.85,"24":0.7999,"25":0.8073,"26":0.85,"27":0.85,"28":0.793,"29":0.9275,"30":0.82,"31":0.815,"32":0.78,"33":0.79955,"34":0.762,"35":0.75,"36":0.7795,"37":0.7772,"38":0.8,"39":0.7742,"40":0.84,"41":0.75,"42":1.02,"43":0.8806,"44":0.825,"45":0.9,"46":0.821,"47":0.8202,"48":0.75,"49":0.73},"l":{"0":1.07,"1":1.0501,"2":1.07,"3":1.03,"4":1.07,"5":0.99,"6":0.9273,"7":1.01,"8":0.96,"9":0.9363,"10":0.93,"11":0.9602,"12":0.9599,"13":0.93,"14":0.93,"15":0.91,"16":0.91,"17":0.9,"18":0.82,"19":0.81,"20":0.87,"21":0.8091,"22":0.8368,"23":0.7736,"24":0.648,"25":0.8,"26":0.74,"27":0.77,"28":0.793,"29":0.7748,"30":0.795,"31":0.78,"32":0.78,"33":0.7003,"34":0.739,"35":0.742,"36":0.7444,"37":0.7772,"38":0.7488,"39":0.7742,"40":0.7288,"41":0.7244,"42":0.769,"43":0.751,"44":0.8,"45":0.7146,"46":0.7701,"47":0.7288,"48":0.7288,"49":0.73},"t":{"0":1693474200000,"1":1693502100000,"2":1693557900000,"3":1693920600000,"4":1693976400000,"5":1694004300000,"6":1694032200000,"7":1694060100000,"8":1694088000000,"9":1694171700000,"10":1694199600000,"11":1694422800000,"12":1694450700000,"13":1694506500000,"14":1694534400000,"15":1694590200000,"16":1694618100000,"17":1694673900000,"18":1694701800000,"19":1694729700000,"20":1694757600000,"21":1694785500000,"22":1695008700000,"23":1695036600000,"24":1695064500000,"25":1695092400000,"26":1695120300000,"27":1695148200000,"28":1695176100000,"29":1695204000000,"30":1695231900000,"31":1695287700000,"32":1695315600000,"33":1695371400000,"34":1695399300000,"35":1695622500000,"36":1695650400000,"37":1695706200000,"38":1695734100000,"39":1695789900000,"40":1695817800000,"41":1695901500000,"42":1695929400000,"43":1695985200000,"44":1696013100000,"45":1696236300000,"46":1696264200000,"47":1696320000000,"48":1696347900000,"49":1696375800000},"n":{"0":15,"1":13,"2":15,"3":39,"4":1,"5":97,"6":10,"7":2,"8":71,"9":31,"10":17,"11":42,"12":22,"13":57,"14":14,"15":20,"16":5,"17":26,"18":79,"19":5,"20":3,"21":51,"22":8,"23":64,"24":50,"25":3,"26":94,"27":19,"28":1,"29":70,"30":10,"31":7,"32":1,"33":41,"34":8,"35":2,"36":18,"37":1,"38":51,"39":1,"40":57,"41":29,"42":10,"43":21,"44":7,"45":76,"46":70,"47":33,"48":51,"49":2}}