{"v":{"0":2810.0,"1":1999.0,"2":4028.0,"3":5188.0,"4":1345.0,"5":500.0,"6":104.0,"7":6939.0,"8":10157.0,"9":8975.0,"10":26039.0,"11":25629.0,"12":86285.0,"13":1699.0,"14":115.0,"15":1280.0,"16":1480.0,"17":2435.0,"18":544.0,"19":686.0,"20":1290.0,"21":3520.0,"22":4426.0,"23":755.0,"24":36805.0,"25":747.0,"26":5221.0,"27":7600.0,"28":1270.0,"29":28586.0,"30":6750.0,"31":101.0,"32":9276.0,"33":759.0,"34":1370.0,"35":10061.0,"36":4471.0,"37":1331.0,"38":2217.0,"39":25204.0,"40":150.0,"41":888.0,"42":3044.0,"43":5949.0,"44":750.0,"45":4723.0,"46":383.0,"47":1254.0,"48":7218.0,"49":360.0},"vw":{"0":1.0417,"1":1.0239,"2":1.0277,"3":1.014,"4":1.0086,"5":1.04,"6":1.02,"7":1.0099,"8":0.9819,"9":0.9885,"10":0.9887,"11":1.0002,"12":1.0805,"13":1.0041,"14":1.017,"15":1.0282,"16":1.0172,"17":1.0448,"18":0.9833,"19":1.0117,"20":0.9877,"21":0.9794,"22":0.9564,"23":0.998,"24":0.9618,"25":0.9656,"26":0.9843,"27":1.0092,"28":0.9756,"29":1.0396,"30":1.0171,"31":1.0301,"32":0.9917,"33":0.9833,"34":0.9863,"35":1.0049,"36":1.0103,"37":0.9932,"38":0.9846,"39":0.9983,"40":1.0599,"41":1.0283,"42":1.0331,"43":0.9989,"44":0.9856,"45":1.0172,"46":0.9974,"47":1.0016,"48":0.9928,"49":0.9887},"o":{"0":1.09,"1":1.02,"2":1.01,"3":1.01,"4":1.02,"5":1.04,"6":1.02,"7":1.02,"8":1.0,"9":0.99,"10":1.0199,"11":0.97,"12":1.0109,"13":1.0199,"14":1.017,"15":1.01,"16":1.02,"17":1.07,"18":0.9827,"19":1.02,"20":0.98995,"21":0.98,"22":0.99,"23":1.0,"24":0.99025,"25":0.9837,"26":0.9685,"27":0.969,"28":0.9833,"29":1.01,"30":1.05,"31":1.03,"32":0.99,"33":1.0,"34":1.0,"35":0.985,"36":1.019,"37":1.0499,"38":0.98,"39":0.98,"40":1.0599,"41":1.05,"42":1.0301,"43":0.98,"44":0.9801,"45":0.97,"46":0.99,"47":1.005,"48":0.97,"49":0.9918},"c":{"0":1.03,"1":1.0699,"2":1.02,"3":1.02,"4":1.0166,"5":1.04,"6":1.02,"7":1.02,"8":0.9541,"9":1.0147,"10":0.99,"11":1.02,"12":1.04,"13":1.02,"14":1.017,"15":1.008,"16":1.02,"17":1.02,"18":0.9827,"19":1.01,"20":0.98,"21":0.965,"22":0.97,"23":0.985,"24":0.95,"25":0.9699,"26":0.99,"27":0.9833,"28":0.966,"29":1.05,"30":1.04,"31":1.03,"32":0.9701,"33":0.99,"34":0.99,"35":1.0175,"36":1.02,"37":1.0,"38":0.9801,"39":1.04,"40":1.0599,"41":1.04,"42":1.021,"43":0.9897,"44":0.9997,"45":1.01,"46":1.015,"47":1.02,"48":1.013,"49":0.98},"h":{"0":1.09,"1":1.0699,"2":1.05,"3":1.02,"4":1.03,"5":1.04,"6":1.02,"7":1.02,"8":1.01,"9":1.0147,"10":1.0199,"11":1.02,"12":1.21,"13":1.02,"14":1.017,"15":1.0581,"16":1.02,"17":1.07,"18":0.9827,"19":1.02,"20":0.990101,"21":0.9801,"22":0.99,"23":1.0,"24":0.9957,"25":0.9837,"26":0.9901,"27":1.02,"28":1.01,"29":1.05,"30":1.055,"31":1.03,"32":1.0397,"33":1.000075,"34":1.00255,"35":1.03,"36":1.0384,"37":1.0499,"38":1.0,"39":1.04,"40":1.0599,"41":1.05,"42":1.04,"43":1.08,"44":0.9997,"45":1.03,"46":1.015,"47":1.02,"48":1.02,"49":0.9918},"l":{"0":1.02,"1":1.02,"2":1.01,"3":1.0,"4":0.9901,"5":1.04,"6":1.02,"7":1.0,"8":0.952,"9":0.9541,"10":0.979451,"11":0.97,"12":0.9632,"13":0.99,"14":1.017,"15":1.008,"16":1.01,"17":1.0103,"18":0.9827,"19":0.99,"20":0.98,"21":0.965,"22":0.95,"23":0.985,"24":0.9345,"25":0.9535,"26":0.9685,"27":0.969,"28":0.966,"29":0.966,"30":1.0001,"31":1.03,"32":0.97,"33":0.9703,"34":0.9702,"35":0.985,"36":0.99,"37":0.97,"38":0.98,"39":0.97,"40":1.0599,"41":0.994,"42":1.021,"43":0.98,"44":0.9801,"45":0.97,"46":0.99,"47":0.9801,"48":0.96101,"49":0.98},"t":{"0":1692695700000,"1":1692729000000,"2":1692795600000,"3":1692862200000,"4":1692962100000,"5":1692995400000,"6":1693195200000,"7":1693228500000,"8":1693295100000,"9":1693328400000,"10":1693395000000,"11":1693461600000,"12":1693494900000,"13":1693561500000,"14":1693594800000,"15":1693894500000,"16":1693927800000,"17":1693994400000,"18":1694061000000,"19":1694094300000,"20":1694160900000,"21":1694194200000,"22":1694427300000,"23":1694493900000,"24":1694527200000,"25":1694593800000,"26":1694627100000,"27":1694693700000,"28":1694760300000,"29":1694793600000,"30":1695026700000,"31":1695060000000,"32":1695126600000,"33":1695193200000,"34":1695226500000,"35":1695293100000,"36":1695393000000,"37":1695626100000,"38":1695659400000,"39":1695726000000,"40":1695759300000,"41":1695792600000,"42":1695825900000,"43":1695892500000,"44":1695925800000,"45":1695992400000,"46":1696225500000,"47":1696258800000,"48":1696325400000,"49":1696358700000},"n":{"0":15,"1":8,"2":31,"3":43,"4":10,"5":1,"6":2,"7":23,"8":39,"9":25,"10":84,"11":33,"12":317,"13":15,"14":2,"15":17,"16":15,"17":12,"18":7,"19":9,"20":10,"21":12,"22":19,"23":7,"24":72,"25":3,"26":37,"27":25,"28":10,"29":47,"30":38,"31":2,"32":37,"33":6,"34":6,"35":37,"36":21,"37":26,"38":18,"39":48,"40":1,"41":6,"42":26,"43":69,"44":2,"45":21,"46":13,"47":13,"48":39,"49":5},"sma_20":{"0":1.088925,"1":1.082925,"2":1.075425,"3":1.068425,"4":1.059255,"5":1.05628,"6":1.05277,"7":1.05177,"8":1.041475,"9":1.03671,"10":1.03246,"11":1.03196,"12":1.03246,"13":1.03096,"14":1.02715,"15":1.02455,"16":1.024035,"17":1.023535,"18":1.01867,"19":1.01665,"20":1.01415,"21":1.008905,"22":1.006405,"23":1.004655,"24":1.001325,"25":0.99782,"26":0.99632,"27":0.994485,"28":0.99508,"29":0.996845,"30":0.999345,"31":0.999845,"32":0.99635,"33":0.99485,"34":0.9935,"35":0.993975,"36":0.993975,"37":0.992975,"38":0.992845,"39":0.994345,"40":0.99834,"41":1.00209,"42":1.00464,"43":1.004875,"44":1.00736,"45":1.009365,"46":1.010615,"47":1.01245,"48":1.0148,"49":1.0113},"sma_50":{"0":1.076608,"1":1.078606,"2":1.078606,"3":1.080606,"4":1.078816,"5":1.077616,"6":1.075216,"7":1.072616,"8":1.070698,"9":1.07059,"10":1.070578,"11":1.071734,"12":1.07309,"13":1.07269,"14":1.07303,"15":1.072786,"16":1.073184,"17":1.073906,"18":1.07233,"19":1.07173,"20":1.071938,"21":1.069238,"22":1.065138,"23":1.061638,"24":1.057038,"25":1.052436,"26":1.048736,"27":1.045872,"28":1.042392,"29":1.040814,"30":1.038614,"31":1.035416,"32":1.031418,"33":1.028018,"34":1.023818,"35":1.022178,"36":1.020774,"37":1.019974,"38":1.016376,"39":1.014976,"40":1.014674,"41":1.014874,"42":1.014694,"43":1.013488,"44":1.011618,"45":1.010618,"46":1.010312,"47":1.010112,"48":1.008772,"49":1.007364},"sma_100":{"0":1.02619409,"1":1.02669309,"2":1.02639309,"3":1.02549309,"4":1.02445909,"5":1.02385909,"6":1.02335909,"7":1.02325909,"8":1.02246509,"9":1.02231209,"10":1.02162309,"11":1.02162209,"12":1.02182209,"13":1.02245809,"14":1.02280209,"15":1.02298209,"16":1.02361909,"17":1.02381909,"18":1.02384509,"19":1.02414509,"20":1.02434409,"21":1.02389409,"22":1.02376009,"23":1.02401009,"24":1.02417709,"25":1.02447609,"26":1.02497609,"27":1.02520909,"28":1.02537209,"29":1.02647109,"30":1.02718209,"31":1.02816209,"32":1.02846309,"33":1.02906309,"34":1.02946509,"35":1.03014009,"36":1.03083909,"37":1.03183409,"38":1.03252509,"39":1.03381309,"40":1.03481209,"41":1.03583259,"42":1.03654259,"43":1.03703959,"44":1.03773659,"45":1.03837701,"46":1.03933201,"47":1.04025901,"48":1.04098801,"49":1.04118801},"rsi":{"0":45.0666893326,"1":49.5315453854,"2":44.6444430719,"3":44.6444430719,"4":44.2990515135,"5":47.3197919845,"6":45.0700254683,"7":45.0700254683,"8":38.1404690188,"9":46.3146674165,"10":43.7755699442,"11":47.5375652579,"12":49.9422488908,"13":47.5929575258,"14":47.2340357694,"15":46.110560719,"16":47.8902761649,"17":47.8902761649,"18":42.7953233167,"19":47.2211203504,"20":43.2602362396,"21":41.3907847617,"22":42.2860861667,"23":45.0004522269,"24":40.2443196884,"25":43.8763753635,"26":47.3568827844,"27":46.3255917157,"28":43.6804942663,"29":56.6294213268,"30":55.0079625695,"31":53.3625123992,"32":44.7311267854,"33":47.754581055,"34":47.754581055,"35":51.9659294351,"36":52.3420269975,"37":49.0343276902,"38":45.9245579456,"39":55.14580231,"40":57.7249965026,"41":54.3588289823,"42":51.2838801432,"43":46.6066268058,"44":48.2311244824,"45":49.9212054466,"46":50.7615561357,"47":51.6355682791,"48":50.2896928942,"49":44.4125986196},"upper_bb":{"0":1.2046512446,"1":1.1886163854,"2":1.1762773439,"3":1.1638489047,"4":1.1345708256,"5":1.1295758418,"6":1.1259498103,"7":1.1262201274,"8":1.1095838255,"9":1.0975834287,"10":1.0939432934,"11":1.0936896789,"12":1.0942847574,