{"v":{"0":236932.96,"1":101132.56,"2":187303.5599999999,"3":100338.5,"4":2764.1,"5":143015.71,"6":40742.09,"7":5361.72,"8":114017.72,"9":19244.7,"10":164672.17,"11":109173.42,"12":2507.94,"13":219541.2799999999,"14":21647.64,"15":11798.33,"16":134636.94,"17":557.48,"18":75265.09,"19":113964.4500000001,"20":1529.75,"21":138223.33,"22":20368.66,"23":17074.87,"24":120258.64,"25":4004.59,"26":73648.85,"27":348569.7400000002,"28":13652.83,"29":590964.3399999995,"30":41747.99,"31":764365.0800000002,"32":965169.61,"33":9760.12,"34":443972.3299999998,"35":78637.46,"36":31437.05,"37":359568.3900000002,"38":6672.49,"39":282699.0000000001,"40":288937.5600000001,"41":2504.71,"42":218378.2,"43":36836.07,"44":65630.43,"45":197575.4399999999,"46":4332.79,"47":87820.59,"48":122359.18,"49":1445.47,"50":195498.54,"51":41074.81,"52":1351998.7400000002,"53":2119264.370000002,"54":216096.67,"55":4482375.5700000003,"56":1257756.6900000004,"57":195129.28,"58":767174.7000000005,"59":8861.45,"60":358024.54,"61":283543.5300000001,"62":3030.7,"63":987178.86,"64":381505.61,"65":142001.0,"66":1258406.0,"67":10758.0,"68":784409.0,"69":245177.0,"70":10093.0,"71":533704.0,"72":9346.0,"73":278516.0,"74":680716.0,"75":7019.0},"vw":{"0":4.5817,"1":4.9564,"2":4.6169,"3":4.524,"4":4.6167,"5":4.4001,"6":4.3636,"7":4.3392,"8":4.2619,"9":4.368,"10":4.6396,"11":4.5855,"12":4.8909,"13":4.7845,"14":4.8076,"15":4.758,"16":4.8292,"17":4.7366,"18":4.8376,"19":5.0169,"20":5.1094,"21":4.8802,"22":4.8703,"23":4.8381,"24":4.676,"25":4.5641,"26":4.4594,"27":4.9925,"28":4.9957,"29":5.4063,"30":5.974,"31":6.501,"32":5.6912,"33":4.3875,"34":4.3387,"35":4.4516,"36":4.331,"37":4.0477,"38":4.1225,"39":4.3618,"40":4.4684,"41":4.3179,"42":4.1106,"43":4.0266,"44":3.9288,"45":3.8031,"46":3.8011,"47":3.7838,"48":3.8829,"49":3.9342,"50":3.7184,"51":3.8643,"52":5.1995,"53":5.9353,"54":9.6246,"55":9.8506,"56":7.2615,"57":6.3532,"58":5.6753,"59":5.8201,"60":5.8345,"61":5.9227,"62":5.9886,"63":4.9552,"64":3.9789,"65":4.0673,"66":3.0736,"67":2.9214,"68":2.8779,"69":2.6248,"70":2.518,"71":2.2791,"72":2.1487,"73":2.4818,"74":2.0953,"75":1.9538},"o":{"0":4.55,"1":4.81,"2":4.92,"3":4.53,"4":4.8,"5":4.54,"6":4.32,"7":4.42,"8":4.44,"9":4.28,"10":5.28,"11":4.55,"12":5.55,"13":4.7,"14":4.87,"15":5.8,"16":4.8,"17":4.79,"18":4.87,"19":4.92,"20":5.1,"21":4.99,"22":4.9,"23":4.97,"24":4.81,"25":4.53,"26":4.57,"27":4.5,"28":5.1,"29":5.09,"30":5.7,"31":6.16,"32":6.14,"33":4.5,"34":4.45,"35":4.415,"36":4.23,"37":4.3,"38":4.11,"39":4.1,"40":4.32,"41":4.29,"42":4.36,"43":4.08,"44":4.2,"45":3.86,"46":3.86,"47":3.85,"48":3.77,"49":4.0,"50":3.87,"51":3.73,"52":4.08,"53":5.82,"54":6.99,"55":10.005,"56":9.76,"57":6.5,"58":6.05,"59":5.86,"60":5.81,"61":6.0,"62":5.95,"63":5.9,"64":4.44,"65":3.9,"66":4.08,"67":2.86,"68":3.13,"69":2.7096,"70":2.5,"71":2.52,"72":2.12,"73":2.16,"74":2.47,"75":1.97},"c":{"0":4.8,"1":4.9,"2":4.54,"3":4.59,"4":4.47,"5":4.32,"6":4.37,"7":4.44,"8":4.35,"9":4.4,"10":4.57,"11":4.68,"12":4.7,"13":4.82,"14":4.83,"15":4.7,"16":4.62,"17":4.77,"18":4.92,"19":5.0,"20":4.99,"21":4.88,"22":4.97,"23":4.76,"24":4.52,"25":4.55,"26":4.5,"27":5.1,"28":5.2,"29":5.69,"30":6.11,"31":6.14,"32":4.29,"33":4.35,"34":4.42,"35":4.44,"36":4.3,"37":4.1,"38":4.16,"39":4.32,"40":4.29,"41":4.36,"42":4.08,"43":4.0,"44":3.8696,"45":3.85,"46":3.88,"47":3.76,"48":3.93,"49":3.94,"50":3.72,"51":3.98,"52":5.88,"53":6.99,"54":10.005,"55":9.77,"56":6.38,"57":6.05,"58":5.87,"59":5.82,"60":6.0,"61":5.95,"62":5.91,"63":4.44,"64":3.7,"65":4.0501,"66":2.87,"67":2.96,"68":2.7,"69":2.57,"70":2.57,"71":2.15,"72":2.15,"73":2.48,"74":1.91,"75":1.95},"h":{"0":4.99,"1":5.17,"2":5.37,"3":4.64,"4":4.8,"5":5.0,"6":4.53,"7":4.63,"8":4.68,"9":4.48,"10":5.28,"11":4.78,"12":5.55,"13":5.06,"14":4.9,"15":5.8,"16":5.02,"17":4.8,"18":5.0,"19":5.25,"20":6.0,"21":5.16,"22":5.0,"23":5.1,"24":4.9,"25":4.61,"26":4.98,"27":5.4,"28":5.28,"29":5.84,"30":6.5,"31":7.3,"32":7.2,"33":4.68,"34":4.65,"35":4.64,"36":4.6,"37":4.41,"38":4.18,"39":4.6,"40":4.75,"41":4.52,"42":4.37,"43":4.12,"44":4.26,"45":3.93,"46":3.88,"47":3.94,"48":4.18,"49":4.12,"50":4.0,"51":4.2,"52":6.23,"53":7.33,"54":11.85,"55":11.46,"56":9.97,"57":7.2,"58":6.2,"59":5.88,"60":6.73,"61":6.3,"62":6.18,"63":6.2,"64":4.44,"65":4.69,"66":4.08,"67":3.09,"68":3.2,"69":2.76,"70":2.61,"71":2.64,"72":2.21,"73":2.76,"74":2.49,"75":1.97},"l":{"0":4.33,"1":4.8,"2":4.42,"3":4.45,"4":4.43,"5":4.25,"6":4.27,"7":4.22,"8":4.19,"9":4.28,"10":4.23,"11":4.35,"12":4.56,"13":4.3,"14":4.65,"15":4.44,"16":4.61,"17":4.62,"18":4.52,"19":4.82,"20":4.97,"21":4.7,"22":4.8,"23":4.71,"24":4.49,"25":4.5,"26":4.3,"27":4.41,"28":4.74,"29":4.61,"30":5.52,"31":5.82,"32":3.78,"33":4.0,"34":4.0,"35":4.26,"36":4.14,"37":3.88,"38":4.04,"39":4.0,"40":4.2,"41":4.2,"42":4.0,"43":3.9,"44":3.71,"45":3.72,"46":3.7,"47":3.43,"48":3.61,"49":3.75,"50":3.52,"51":3.61,"52":3.78,"53":5.0,"54":6.12,"55":6.49,"56":4.78,"57":5.88,"58":5.01,"59":5.8,"60":5.15,"61":5.55,"62":5.86,"63":3.7,"64":3.5,"65":3.72,"66":2.7707,"67":2.84,"68":2.61,"69":2.55,"70":2.43,"71":2.0,"72":2.11,"73":2.09,"74":1.9008,"75":1.92},"t":{"0":1689765300000,"1":1689798600000,"2":1689831900000,"3":1689865200000,"4":1689898500000,"5":1689931800000,"6":1689965100000,"7":1690164900000,"8":1690198200000,"9":1690231500000,"10":1690264800000,"11":1690298100000,"12":1690331400000,"13":1690364700000,"14":1690398000000,"15":1690431300000,"16":1690464600000,"17":1690497900000,"18":1690531200000,"19":1690564500000,"20":1690764300000,"21":1690797600000,"22":1690830900000,"23":1690864200000,"24":1690897500000,"25":1690930800000,"26":1690964100000,"27":1690997400000,"28":1691030700000,"29":1691064000000,"30":1691097300000,"31":1691130600000,"32":1691163900000,"33":1691363700000,"34":1691397000000,"35":1691430300000,"36":1691463600000,"37":1691496900000,"38":1691530200000,"39":1691563500000,"40":1691596800000,"41":1691630100000,"42":1691663400000,"43":1691696700000,"44":1691730000000,"45":1691763300000,"46":1691796600000,"47":1691996400000,"48":1692029700000,"49":1692063000000,"50":1692096300000,"51":1692129600000,"52":1692162900000,"53":1692196200000,"54":1692229500000,"55":1692262800000,"56":1692296100000,"57":1692329400000,"58":1692362700000,"59":1692396000000,"60":1692595800000,"61":1692629100000,"62":1692662400000,"63":1692695700000,"64":1692729000000,"65":1692762300000,"66":1692795600000,"67":1692828900000,"68":1692862200000,"69":1692895500000,"70":1692928800000,"71":1692962100000,"72":1692995400000,"73":1693195200000,"74":1693228500000,"75":1693261800000},"n":{"0":14981,"1":2482,"2":11540,"3":5965,"4":90,"5":8852,"6":3218,"7":337,"8":6670,"9":251,"10":8573,"11":6444,"12":166,"13":6761,"14":862,"15":878,"16":3591,"17":17,"18":2346,"19":2501,"20":121,"21":3386,"22":549,"23":348,"24":3521,"25":38,"26":2817,"27":6816,"28":491,"29":16468,"30":710,"31":33576,"32":29531,"33":841,"34":25776,"35":8316,"36":1506,"37":15800,"38":127,"39":19712,"40":8358,"41":248,"42":6208,"43":675,"44":2532,"45":7439,"46":50,"47":3163,"48":2621,"49":125,"50":5760,"51":556,"52":54740,"53":72850,"54":30936,"55":247247,"56":37741,"57":19806,"58":40807,"59":241,"60":22812,"61":15256,"62":790,"63":51080,"64":24846,"65":2277,"66":11270,"67":74,"68":4785,"69":1554,"70":130,"71":3873,"72":29,"73":1815,"74":3892,"75":18}}