{"v":{"0":8125612.0,"1":950.0,"2":3561841.0,"3":25625.0,"4":2965507.0,"5":3304575.0,"6":4879630.0,"7":860926.0,"8":1226130.0,"9":3485960.0,"10":3801185.0,"11":1220489.0,"12":38334.0,"13":3211064.0,"14":2268009.0,"15":1440210.0,"16":6677.0,"17":2065814.0,"18":1191821.0,"19":916310.0,"20":500.0,"21":3455133.0,"22":1945803.0,"23":1162901.0,"24":320.0,"25":2305408.0,"26":100.0,"27":1624405.0,"28":1927943.0,"29":5517573.0,"30":100.0,"31":2618385.0,"32":517603.0,"33":687091.0,"34":2035934.0,"35":1319323.0,"36":776159.0,"37":894166.0,"38":2733526.0,"39":1262187.0,"40":849902.0},"vw":{"0":38.1365,"1":38.75,"2":37.9617,"3":39.57,"4":38.7988,"5":38.9346,"6":40.6711,"7":41.0492,"8":42.4009,"9":43.1373,"10":42.0341,"11":41.4082,"12":41.7194,"13":42.3729,"14":42.995,"15":42.8803,"16":43.4271,"17":42.6993,"18":42.6023,"19":42.4694,"20":42.4996,"21":41.9936,"22":43.2803,"23":43.055,"24":43.4656,"25":43.4892,"26":43.45,"27":43.3411,"28":43.612,"29":42.2408,"30":41.96,"31":40.7552,"32":41.185,"33":40.8458,"34":41.2825,"35":41.105,"36":41.0901,"37":39.6195,"38":39.6512,"39":40.2133,"40":40.502},"o":{"0":38.03,"1":38.75,"2":38.33,"3":38.11,"4":39.0,"5":38.63,"6":39.12,"7":41.165,"8":42.0,"9":42.64,"10":43.4,"11":41.49,"12":41.4,"13":41.13,"14":42.8,"15":42.89,"16":43.2,"17":43.2,"18":42.51,"19":42.61,"20":42.5,"21":43.0,"22":42.2,"23":43.08,"24":43.0,"25":43.25,"26":43.45,"27":43.3,"28":43.7,"29":43.39,"30":41.96,"31":41.85,"32":41.05,"33":40.7,"34":41.07,"35":40.8,"36":41.125,"37":41.87,"38":39.71,"39":39.56,"40":40.74},"c":{"0":38.31,"1":38.75,"2":38.11,"3":39.45,"4":38.64,"5":37.3001,"6":41.17,"7":40.96,"8":42.63,"9":43.3,"10":41.49,"11":41.36,"12":41.61,"13":42.95,"14":42.9,"15":42.93,"16":43.4,"17":42.75,"18":42.62,"19":41.1,"20":42.5,"21":41.9,"22":43.09,"23":43.13867,"24":43.55,"25":43.4,"26":43.45,"27":43.7,"28":42.8,"29":42.04,"30":41.96,"31":41.05,"32":41.23,"33":41.06,"34":41.9999,"35":41.125,"36":41.099536,"37":39.709,"38":39.4,"39":40.77,"40":40.4},"h":{"0":39.21,"1":38.75,"2":39.03,"3":41.85,"4":40.34,"5":39.395,"6":41.36,"7":41.26,"8":42.91,"9":43.53,"10":43.44,"11":41.55,"12":43.09,"13":42.95,"14":43.52,"15":43.05,"16":43.45,"17":43.2,"18":42.84,"19":42.64,"20":42.5,"21":43.1,"22":43.73,"23":43.33,"24":43.94,"25":43.9,"26":43.45,"27":43.875,"28":43.9,"29":43.57,"30":41.96,"31":41.9,"32":41.25,"33":41.17,"34":41.9999,"35":41.285,"36":41.16,"37":42.4,"38":39.97,"39":40.79,"40":40.77},"l":{"0":37.63,"1":38.75,"2":37.575,"3":38.11,"4":38.01,"5":37.3001,"6":39.07,"7":40.93,"8":41.49,"9":42.5,"10":41.35,"11":41.29,"12":41.37,"13":41.08,"14":42.6,"15":42.8,"16":43.0,"17":42.23,"18":42.27,"19":41.1,"20":42.5,"21":41.62,"22":42.2,"23":42.855,"24":43.0,"25":42.77,"26":43.45,"27":42.57,"28":42.8,"29":41.76,"30":41.96,"31":40.35,"32":41.015,"33":40.66,"34":40.97,"35":40.7,"36":40.96,"37":39.0,"38":39.4,"39":39.55,"40":40.285},"t":{"0":1685100600000,"1":1685408400000,"2":1685442600000,"3":1685476800000,"4":1685511000000,"5":1685545200000,"6":1685613600000,"7":1685647800000,"8":1685682000000,"9":1685716200000,"10":1685955600000,"11":1685989800000,"12":1686024000000,"13":1686058200000,"14":1686126600000,"15":1686160800000,"16":1686195000000,"17":1686229200000,"18":1686297600000,"19":1686331800000,"20":1686537000000,"21":1686571200000,"22":1686639600000,"23":1686673800000,"24":1686708000000,"25":1686742200000,"26":1686776400000,"27":1686810600000,"28":1686844800000,"29":1686913200000,"30":1686947400000,"31":1687255200000,"32":1687289400000,"33":1687323600000,"34":1687357800000,"35":1687426200000,"36":1687460400000,"37":1687494600000,"38":1687528800000,"39":1687768200000,"40":1687802400000},"n":{"0":55939,"1":4,"2":33969,"3":159,"4":25614,"5":31078,"6":46557,"7":7805,"8":11358,"9":31487,"10":35541,"11":12951,"12":84,"13":26196,"14":20128,"15":10861,"16":8,"17":20409,"18":9968,"19":9432,"20":5,"21":33125,"22":15859,"23":12672,"24":4,"25":24832,"26":1,"27":14334,"28":18528,"29":52872,"30":1,"31":27524,"32":5591,"33":5231,"34":19779,"35":11803,"36":4611,"37":7117,"38":22734,"39":12487,"40":9146}}