{"v":{"0":19341,"1":19402,"2":206,"3":4015,"4":38053,"5":175215,"6":56709,"7":171720,"8":75414,"9":263801,"10":7712,"11":73714,"12":2318,"13":66466,"14":163353,"15":27680,"16":45296,"17":18244,"18":60406,"19":50839,"20":37987,"21":32972,"22":99745,"23":327186,"24":100813,"25":819920,"26":96086,"27":63874,"28":71470,"29":806,"30":50628,"31":720,"32":25384,"33":12264,"34":3942,"35":11403,"36":1601,"37":22284,"38":3695,"39":100,"40":1309,"41":1009,"42":86881,"43":5041,"44":402,"45":3516,"46":302,"47":28995,"48":6680,"49":100,"50":2207,"51":75096,"52":14137,"53":64957,"54":200,"55":6773,"56":218270,"57":25592,"58":98712,"59":843,"60":291466,"61":200811,"62":41718,"63":11111,"64":100,"65":3060,"66":10200,"67":2700,"68":7049,"69":3310,"70":4391,"71":14906,"72":182587,"73":49006,"74":6192,"75":15836,"76":10723,"77":10535},"vw":{"0":0.9723,"1":0.9628,"2":0.9355,"3":0.9559,"4":0.9309,"5":0.8997,"6":0.8772,"7":0.8814,"8":0.8842,"9":0.8824,"10":0.9749,"11":0.9861,"12":0.9387,"13":0.8694,"14":0.8555,"15":0.86,"16":0.8627,"17":0.8553,"18":0.8128,"19":0.7574,"20":0.7529,"21":0.7142,"22":0.7223,"23":0.7191,"24":0.7516,"25":0.7682,"26":0.8536,"27":0.8782,"28":0.8349,"29":0.9224,"30":0.8522,"31":0.8783,"32":0.8201,"33":0.8192,"34":0.8125,"35":0.8184,"36":0.8056,"37":0.7868,"38":0.8076,"39":0.81,"40":0.8256,"41":0.8379,"42":0.7884,"43":0.809,"44":0.8149,"45":0.809,"46":0.8267,"47":0.8275,"48":0.8312,"49":0.849,"50":0.8,"51":0.779,"52":0.7826,"53":0.7991,"54":0.831,"55":0.8174,"56":0.9014,"57":0.9398,"58":0.9196,"59":0.9395,"60":0.9023,"61":0.9043,"62":0.9549,"63":0.9734,"64":0.99,"65":0.9843,"66":0.9504,"67":0.9602,"68":0.95,"69":0.9428,"70":0.9288,"71":0.8774,"72":0.915,"73":0.8979,"74":0.9053,"75":0.9194,"76":0.902,"77":0.8986},"o":{"0":0.96,"1":0.9906,"2":0.95,"3":0.968,"4":0.96,"5":0.901,"6":0.94,"7":0.91,"8":0.945,"9":0.88,"10":0.9133,"11":1.0006,"12":0.981,"13":0.964899,"14":0.8544,"15":0.887,"16":0.867,"17":0.86,"18":0.8465,"19":0.7901,"20":0.76,"21":0.72,"22":0.73355,"23":0.7201,"24":0.8099,"25":0.75,"26":0.8418,"27":0.899899,"28":0.84785,"29":0.9165,"30":0.84,"31":0.925,"32":0.8237,"33":0.8,"34":0.8002,"35":0.92989,"36":0.79,"37":0.79,"38":0.819,"39":0.81,"40":0.817,"41":0.8649,"42":0.82,"43":0.798,"44":0.8,"45":0.7999,"46":0.82,"47":0.849899,"48":0.85,"49":0.849,"50":0.7902,"51":0.8,"52":0.7665,"53":0.765,"54":0.845,"55":0.79,"56":0.8408,"57":0.95,"58":0.9449,"59":0.95,"60":0.965,"61":0.9,"62":0.95,"63":0.960049,"64":0.99,"65":0.98,"66":0.96,"67":0.96,"68":0.95,"69":0.9301,"70":0.9347,"71":0.912,"72":0.889,"73":0.89,"74":0.93,"75":0.9,"76":0.93,"77":0.9},"c":{"0":0.989,"1":0.9903,"2":0.9201,"3":0.96,"4":0.9485,"5":0.9225,"6":0.8319,"7":0.93875,"8":0.88,"9":0.9443,"10":1.0011,"11":0.9276,"12":0.965,"13":0.8544,"14":0.9189,"15":0.883,"16":0.882,"17":0.8768,"18":0.79505,"19":0.75,"20":0.74,"21":0.737,"22":0.732,"23":0.7769,"24":0.745,"25":0.8418,"26":0.9,"27":0.85,"28":0.867,"29":0.9623,"30":0.8831,"31":0.8617,"32":0.8419,"33":0.86,"34":0.805,"35":0.8199,"36":0.81,"37":0.79595,"38":0.819,"39":0.81,"40":0.85,"41":0.849,"42":0.78,"43":0.8199,"44":0.82,"45":0.8237,"46":0.84,"47":0.8556,"48":0.83,"49":0.849,"50":0.790001,"51":0.7601,"52":0.829,"53":0.8198,"54":0.817,"55":0.8204,"56":0.9165,"57":0.9235,"58":0.892,"59":0.965,"60":0.9,"61":0.95,"62":0.97,"63":0.97,"64":0.99,"65":0.9899,"66":0.98,"67":0.9615,"68":0.9728,"69":0.973924,"70":0.989,"71":0.89,"72":0.9,"73":0.9,"74":0.92,"75":0.91995,"76":0.9001,"77":0.9455},"h":{"0":0.998,"1":0.9906,"2":0.95,"3":0.985899,"4":0.988,"5":0.933,"6":0.947,"7":0.9482,"8":0.9477,"9":0.9475,"10":1.005,"11":1.02,"12":0.981,"13":0.964899,"14":0.9189,"15":0.887,"16":0.883,"17":0.883,"18":0.86,"19":0.7902,"20":0.761,"21":0.738,"22":0.737,"23":0.81,"24":0.843,"25":0.8436,"26":0.9,"27":0.9,"28":0.891,"29":0.9623,"30":0.9592,"31":0.925,"32":0.89,"33":0.8639,"34":0.9299,"35":0.92989,"36":0.819,"37":0.8199,"38":0.8314,"39":0.81,"40":0.85,"41":0.8649,"42":0.82,"43":0.8499,"44":0.82,"45":0.8674,"46":0.84,"47":0.8556,"48":0.8779,"49":0.849,"50":0.849,"51":0.8299,"52":0.829,"53":0.829,"54":0.845,"55":0.8408,"56":0.97,"57":0.95,"58":0.9449,"59":0.965,"60":0.965,"61":0.965,"62":0.97,"63":1.0,"64":0.99,"65":0.99,"66":0.98,"67":0.9615,"68":0.9728,"69":0.9799,"70":0.989,"71":0.912,"72":1.0,"73":0.9872,"74":0.9499,"75":0.93,"76":0.93,"77":0.9493},"l":{"0":0.95,"1":0.95,"2":0.9201,"3":0.95,"4":0.9,"5":0.86,"6":0.804,"7":0.8767,"8":0.8771,"9":0.8783,"10":0.9133,"11":0.9276,"12":0.9035,"13":0.849,"14":0.845,"15":0.85,"16":0.8551,"17":0.85,"18":0.7901,"19":0.745,"20":0.7152,"21":0.68,"22":0.719,"23":0.691,"24":0.7296,"25":0.75,"26":0.8251,"27":0.8457,"28":0.8,"29":0.9165,"30":0.821101,"31":0.8617,"32":0.7831,"33":0.79,"34":0.772,"35":0.81,"36":0.79,"37":0.772,"38":0.7825,"39":0.81,"40":0.81265,"41":0.82,"42":0.7753,"43":0.789619,"44":0.8,"45":0.7844,"46":0.82,"47":0.8,"48":0.81,"49":0.849,"50":0.790001,"51":0.76,"52":0.7665,"53":0.765,"54":0.817,"55":0.79,"56":0.8,"57":0.9165,"58":0.892,"59":0.9,"60":0.9,"61":0.9,"62":0.9151,"63":0.9501,"64":0.99,"65":0.98,"66":0.95,"67":0.95,"68":0.9256,"69":0.9301,"70":0.925,"71":0.83,"72":0.85,"73":0.89,"74":0.8913,"75":0.88,"76":0.9,"77":0.8822},"t":{"0":1694454300000,"1":1694460600000,"2":1694523600000,"3":1694529900000,"4":1694536200000,"5":1694542500000,"6":1694611800000,"7":1694618100000,"8":1694624400000,"9":1694630700000,"10":1694693700000,"11":1694700000000,"12":1694706300000,"13":1694712600000,"14":1694718900000,"15":1694781900000,"16":1694788200000,"17":1694794500000,"18":1694800800000,"19":1694807100000,"20":1695040200000,"21":1695046500000,"22":1695052800000,"23":1695059100000,"24":1695065400000,"25":1695128400000,"26":1695134700000,"27":1695141000000,"28":1695147300000,"29":1695210300000,"30":1695216600000,"31":1695222900000,"32":1695229200000,"33":1695235500000,"34":1695298500000,"35":1695304800000,"36":1695311100000,"37":1695317400000,"38":1695323700000,"39":1695380400000,"40":1695386700000,"41":1695393000000,"42":1695399300000,"43":1695405600000,"44":1695411900000,"45":1695645000000,"46":1695651300000,"47":1695657600000,"48":1695663900000,"49":1695670200000,"50":1695733200000,"51":1695739500000,"52":1695745800000,"53":1695752100000,"54":1695815100000,"55":1695821400000,"56":1695827700000,"57":1695834000000,"58":1695840300000,"59":1695903300000,"60":1695909600000,"61":1695915900000,"62":1695922200000,"63":1695928500000,"64":1695985200000,"65":1695991500000,"66":1695997800000,"67":1696004100000,"68":1696010400000,"69":1696016700000,"70":1696249800000,"71":1696262400000,"72":1696268700000,"73":1696275000000,"74":1696338000000,"75":1696344300000,"76":1696350600000,"77":1696356900000},"n":{"0":51,"1":46,"2":2,"3":13,"4":95,"5":287,"6":75,"7":85,"8":123,"9":165,"10":45,"11":60,"12":12,"13":78,"14":227,"15":35,"16":59,"17":23,"18":261,"19":187,"20":39,"21":51,"22":87,"23":329,"24":153,"25":114,"26":136,"27":144,"28":190,"29":2,"30":49,"31":8,"32":78,"33":69,"34":13,"35":38,"36":5,"37":22,"38":54,"39":1,"40":12,"41":5,"42":26,"43":18,"44":3,"45":28,"46":4,"47":106,"48":58,"49":1,"50":9,"51":84,"52":53,"53":101,"54":2,"55":12,"56":264,"57":44,"58":202,"59":14,"60":400,"61":105,"62":50,"63":88,"64":1,"65":8,"66":10,"67":4,"68":24,"69":27,"70":6,"71":51,"72":291,"73":100,"74":17,"75":11,"76":33,"77":44}}