{"v":{"0":397716.76,"1":97954.36,"2":110301.8,"3":413678.24,"4":2615997.2799999984,"5":1291369.360000001,"6":538817.4799999996,"7":74894.32,"8":2739.8,"9":17836.48,"10":652718.5999999999,"11":927085.2799999999,"12":395981.4800000002,"13":159425.76,"14":38191.08,"15":11748.56,"16":97471.96,"17":838528.7600000001,"18":306443.3599999999,"19":482820.6399999997,"20":59291.8,"21":6300.8,"22":23485.68,"23":323468.16,"24":291896.3599999999,"25":217806.4399999999,"26":59635.88,"27":9232.76,"28":7241.56,"29":31943.2,"30":734765.8800000004,"31":1369711.6000000003,"32":529820.5599999998},"vw":{"0":7.2076,"1":7.4603,"2":7.39,"3":6.9317,"4":7.1507,"5":6.4605,"6":6.6631,"7":6.2904,"8":6.296,"9":6.3406,"10":5.9795,"11":5.9326,"12":6.0861,"13":6.0564,"14":5.9327,"15":5.9786,"16":5.8213,"17":5.9895,"18":5.9744,"19":5.6171,"20":5.4982,"21":5.4931,"22":5.3824,"23":5.2873,"24":5.2387,"25":5.2473,"26":5.2518,"27":5.2194,"28":5.4158,"29":5.2634,"30":5.5636,"31":6.0177,"32":6.1098},"o":{"0":7.0,"1":7.35,"2":7.475,"3":7.465,"4":6.6775,"5":6.695,"6":6.5325,"7":6.2875,"8":6.3225,"9":6.25,"10":6.3575,"11":5.755,"12":6.0,"13":6.135,"14":5.8875,"15":5.9625,"16":5.8375,"17":5.9925,"18":6.04,"19":5.8725,"20":5.475,"21":5.4475,"22":5.6675,"23":5.3725,"24":5.2425,"25":5.35,"26":5.2225,"27":5.235,"28":5.25,"29":5.3975,"30":5.2475,"31":5.4225,"32":6.0},"c":{"0":7.34,"1":7.5,"2":7.4725,"3":6.7075,"4":6.7,"5":6.545,"6":6.3625,"7":6.3225,"8":6.25,"9":6.3675,"10":5.7525,"11":6.0025,"12":6.1375,"13":5.925,"14":5.8775,"15":5.8275,"16":5.975,"17":6.045,"18":5.875,"19":5.3775,"20":5.4,"21":5.505,"22":5.335,"23":5.235,"24":5.35,"25":5.22,"26":5.235,"27":5.2375,"28":5.3975,"29":5.175,"30":5.425,"31":5.95,"32":5.9175},"h":{"0":7.65,"1":7.5625,"2":7.945,"3":8.0,"4":7.8725,"5":6.8475,"6":6.8425,"7":6.375,"8":6.4475,"9":6.5,"10":6.5,"11":6.375,"12":6.25,"13":6.2275,"14":6.0475,"15":6.25,"16":6.25,"17":6.465,"18":6.1,"19":5.9225,"20":5.6825,"21":5.7,"22":5.6675,"23":5.675,"24":5.3725,"25":5.3725,"26":5.31,"27":5.2375,"28":5.5,"29":5.45,"30":5.875,"31":6.375,"32":6.295},"l":{"0":6.75,"1":7.3175,"2":6.9875,"3":6.5025,"4":6.45,"5":6.0375,"6":6.25,"7":6.25,"8":6.25,"9":6.16,"10":5.625,"11":5.6275,"12":5.925,"13":5.83,"14":5.875,"15":5.5,"16":5.64,"17":5.675,"18":5.755,"19":5.35,"20":5.375,"21":5.25,"22":5.275,"23":5.0875,"24":5.1275,"25":5.15,"26":5.15,"27":5.1625,"28":5.24,"29":5.14,"30":5.0875,"31":5.375,"32":5.895},"t":{"0":1680122700000,"1":1680132600000,"2":1680162300000,"3":1680172200000,"4":1680182100000,"5":1680192000000,"6":1680201900000,"7":1680211800000,"8":1680241500000,"9":1680251400000,"10":1680261300000,"11":1680271200000,"12":1680281100000,"13":1680291000000,"14":1680300900000,"15":1680508800000,"16":1680518700000,"17":1680528600000,"18":1680538500000,"19":1680548400000,"20":1680558300000,"21":1680588000000,"22":1680597900000,"23":1680607800000,"24":1680617700000,"25":1680627600000,"26":1680637500000,"27":1680647400000,"28":1680677100000,"29":1680687000000,"30":1680696900000,"31":1680706800000,"32":1680716700000},"n":{"0":5190,"1":1154,"2":5613,"3":9454,"4":41892,"5":24126,"6":9601,"7":1386,"8":176,"9":821,"10":10568,"11":16963,"12":7121,"13":2733,"14":576,"15":719,"16":2771,"17":13217,"18":6507,"19":8776,"20":794,"21":329,"22":1248,"23":6183,"24":6207,"25":4923,"26":1451,"27":217,"28":375,"29":930,"30":10740,"31":22131,"32":9181}}