{"v":{"0":752.0,"1":5460.0,"2":6347.0,"3":4318.0,"4":100.0,"5":11730.0,"6":2645.0,"7":1252.0,"8":6035.0,"9":864.0,"10":3250.0,"11":100.0,"12":467.0,"13":17588.0,"14":10158.0,"15":100.0,"16":7367.0,"17":7946.0,"18":2168.0,"19":5231.0,"20":19703.0,"21":4569.0,"22":21257.0,"23":2659.0,"24":633.0,"25":5426.0,"26":963.0,"27":52895.0,"28":4663.0,"29":12683.0,"30":9011.0,"31":3551.0,"32":9980.0,"33":3948.0,"34":12777.0,"35":11340.0,"36":7738.0,"37":4220.0,"38":7613.0,"39":313.0,"40":100.0,"41":13201.0,"42":4200.0,"43":6325.0,"44":7245.0,"45":2218.0,"46":847.0,"47":8213.0,"48":17276.0,"49":8154.0,"50":4302.0,"51":7495.0,"52":916.0,"53":13883.0,"54":8404.0,"55":23897.0,"56":7323.0,"57":2578.0,"58":19336.0,"59":2836.0,"60":4708.0,"61":200.0,"62":3984.0,"63":1000.0,"64":5194.0,"65":11630.0},"vw":{"0":0.9914,"1":0.9973,"2":0.9615,"3":0.9868,"4":0.9785,"5":0.9611,"6":0.9896,"7":1.015,"8":0.997,"9":1.0505,"10":1.0456,"11":1.011,"12":1.0663,"13":1.0064,"14":0.9657,"15":0.94,"16":0.9305,"17":0.9051,"18":0.9175,"19":0.8955,"20":0.8649,"21":0.8766,"22":0.8421,"23":0.8484,"24":0.8554,"25":0.8348,"26":0.8157,"27":0.8044,"28":0.785,"29":0.8293,"30":0.7903,"31":0.7785,"32":0.7764,"33":0.7559,"34":0.8043,"35":0.825,"36":0.8082,"37":0.8216,"38":0.7995,"39":0.8388,"40":0.8149,"41":0.8563,"42":0.8672,"43":0.842,"44":0.8059,"45":0.7915,"46":0.8206,"47":0.801,"48":0.8353,"49":0.8247,"50":0.8174,"51":0.784,"52":0.8328,"53":0.8074,"54":0.8005,"55":0.8033,"56":0.7804,"57":0.7831,"58":0.7674,"59":0.7741,"60":0.7901,"61":0.7995,"62":0.7586,"63":0.72,"64":0.7285,"65":0.7412},"o":{"0":0.99,"1":1.0,"2":0.97,"3":1.0176,"4":0.9785,"5":1.0,"6":0.99,"7":1.02,"8":0.9951,"9":1.04,"10":1.001,"11":1.011,"12":1.06,"13":1.01,"14":1.035,"15":0.94,"16":0.94,"17":0.9123,"18":0.9122,"19":0.9178,"20":0.89,"21":0.864,"22":0.8791,"23":0.85,"24":0.86,"25":0.85,"26":0.814,"27":0.801,"28":0.785,"29":0.788,"30":0.79,"31":0.77,"32":0.78,"33":0.76,"34":0.76,"35":0.829,"36":0.80695,"37":0.842,"38":0.82,"39":0.82245,"40":0.8149,"41":0.85,"42":0.8601,"43":0.846,"44":0.82,"45":0.79,"46":0.82055,"47":0.78,"48":0.85,"49":0.87,"50":0.869,"51":0.79,"52":0.86,"53":0.7811,"54":0.86,"55":0.7975,"56":0.7712,"57":0.79,"58":0.7654,"59":0.7728,"60":0.7728,"61":0.799,"62":0.7707,"63":0.72,"64":0.73,"65":0.755839},"c":{"0":0.99,"1":1.02,"2":0.99,"3":1.01,"4":0.9785,"5":0.9649,"6":1.02,"7":1.0,"8":1.03,"9":1.04,"10":1.0,"11":1.011,"12":1.08,"13":1.01,"14":0.9477,"15":0.94,"16":0.92,"17":0.91,"18":0.91605,"19":0.91,"20":0.91,"21":0.8701,"22":0.86,"23":0.854,"24":0.86,"25":0.811,"26":0.801,"27":0.7855,"28":0.8007,"29":0.7901,"30":0.7875,"31":0.7703,"32":0.78,"33":0.7824,"34":0.82,"35":0.85,"36":0.841,"37":0.76,"38":0.8209,"39":0.849,"40":0.8149,"41":0.8799,"42":0.899,"43":0.81505,"44":0.79,"45":0.782,"46":0.82055,"47":0.879,"48":0.87,"49":0.87,"50":0.83,"51":0.83,"52":0.8239,"53":0.82,"54":0.7901,"55":0.8018,"56":0.810399,"57":0.7649,"58":0.8,"59":0.8,"60":0.8,"61":0.8,"62":0.7312,"63":0.72,"64":0.74,"65":0.725},"h":{"0":0.99,"1":1.05,"2":1.02,"3":1.02,"4":0.9785,"5":1.02,"6":1.03,"7":1.03,"8":1.05,"9":1.08,"10":1.1899,"11":1.011,"12":1.08,"13":1.18,"14":1.035,"15":0.94,"16":0.94,"17":0.9199,"18":0.9199,"19":0.92,"20":0.91,"21":1.09,"22":0.935,"23":0.86,"24":0.86,"25":0.859,"26":0.825,"27":0.82,"28":0.8007,"29":0.85,"30":0.809,"31":0.78,"32":0.7831,"33":0.7824,"34":0.82,"35":0.85,"36":0.8484,"37":0.8485,"38":0.849899,"39":0.849,"40":0.8149,"41":0.98,"42":0.8999,"43":0.913,"44":0.88,"45":0.814,"46":0.82055,"47":0.879,"48":0.87,"49":0.87,"50":0.869,"51":0.87,"52":0.86,"53":0.8701,"54":0.88,"55":0.835,"56":0.8179,"57":0.8351,"58":0.8,"59":0.8,"60":0.8,"61":0.8,"62":0.7707,"63":0.72,"64":0.74,"65":0.759},"l":{"0":0.985,"1":0.9798,"2":0.94,"3":0.96,"4":0.9785,"5":0.95,"6":0.9649,"7":1.0,"8":0.99,"9":1.02,"10":1.0,"11":1.011,"12":1.06,"13":1.0,"14":0.9201,"15":0.94,"16":0.92,"17":0.9,"18":0.9121,"19":0.881391,"20":0.85,"21":0.85,"22":0.8,"23":0.81,"24":0.845,"25":0.811,"26":0.801,"27":0.781,"28":0.76,"29":0.788,"30":0.78,"31":0.77,"32":0.76,"33":0.75,"34":0.76,"35":0.777,"36":0.80615,"37":0.76,"38":0.7602,"39":0.82245,"40":0.8149,"41":0.846,"42":0.86,"43":0.8106,"44":0.7811,"45":0.782,"46":0.82055,"47":0.7786,"48":0.7789,"49":0.809,"50":0.808,"51":0.7712,"52":0.8147,"53":0.7711,"54":0.785,"55":0.7901,"56":0.7657,"57":0.755,"58":0.72055,"59":0.7605,"60":0.7728,"61":0.799,"62":0.7312,"63":0.72,"64":0.72,"65":0.7151},"t":{"0":1693231200000,"1":1693244700000,"2":1693312200000,"3":1693325700000,"4":1693339200000,"5":1693393200000,"6":1693406700000,"7":1693420200000,"8":1693487700000,"9":1693501200000,"10":1693568700000,"11":1693582200000,"12":1693595700000,"13":1693919700000,"14":1693933200000,"15":1693946700000,"16":1694000700000,"17":1694014200000,"18":1694027700000,"19":1694095200000,"20":1694108700000,"21":1694176200000,"22":1694189700000,"23":1694432700000,"24":1694446200000,"25":1694459700000,"26":1694513700000,"27":1694527200000,"28":1694540700000,"29":1694608200000,"30":1694621700000,"31":1694689200000,"32":1694702700000,"33":1694716200000,"34":1694783700000,"35":1694797200000,"36":1695053700000,"37":1695121200000,"38":1695134700000,"39":1695148200000,"40":1695202200000,"41":1695215700000,"42":1695229200000,"43":1695296700000,"44":1695310200000,"45":1695323700000,"46":1695377700000,"47":1695391200000,"48":1695404700000,"49":1695647700000,"50":1695661200000,"51":1695728700000,"52":1695742200000,"53":1695755700000,"54":1695823200000,"55":1695836700000,"56":1695904200000,"57":1695917700000,"58":1695985200000,"59":1695998700000,"60":1696012200000,"61":1696255200000,"62":1696268700000,"63":1696309200000,"64":1696336200000,"65":1696349700000},"n":{"0":9,"1":18,"2":24,"3":35,"4":1,"5":39,"6":17,"7":17,"8":19,"9":9,"10":23,"11":1,"12":8,"13":41,"14":78,"15":1,"16":20,"17":24,"18":11,"19":12,"20":57,"21":27,"22":131,"23":5,"24":10,"25":39,"26":6,"27":144,"28":41,"29":31,"30":49,"31":19,"32":40,"33":37,"34":56,"35":51,"36":11,"37":32,"38":25,"39":4,"40":1,"41":31,"42":20,"43":13,"44":60,"45":27,"46":2,"47":8,"48":17,"49":19,"50":44,"51":12,"52":8,"53":63,"54":32,"55":149,"56":40,"57":28,"58":49,"59":11,"60":20,"61":2,"62":23,"63":1,"64":35,"65":95},"sma_20":{"0":1.029182,"1":1.024682,"2":1.023182,"3":1.020682,"4":1.016607,"5":1.012352,"6":1.012252,"7":1.009252,"8":1.009252,"9":1.009252,"10":1.006252,"11":1.005052,"12":1.007552,"13":1.006052,"14":1.001937,"15":0.998437,"16":0.9949345,"17":0.992355,"18":0.9889075,"19":0.9844075,"20":0.9804075,"21":0.9729125,"22":0.9664125,"23":0.9586125,"24":0.9526875,"25":0.9449925,"26":0.9340425,"27":0.9233175,"28":0.9118525,"29":0.8993575,"30":0.8887325,"31":0.8766975,"32":0.8616975,"33":0.8503175,"34":0.8439325,"35":0.8394325,"36":0.8354825,"37":0.8279825,"38":0.823225,"39":0.820175,"40":0.81542,"41":0.81591,"42":0.81786,"43":0.8159125,"44":0.8124125,"45":0.8109625,"46":0.81194,"47":0.816615,"48":0.82008,"49":0.824075,"50":0.8262,"51":0.829185,"52":0.83138,"53":0.83326,"54":0.831765,"55":0.829355,"56":0.82782495,"57":0.82806995,"58":0.82702495,"59":0.82457495,"60":0.82382995,"61":0.81983495,"62":0.81144495,"63":0.80669245,"64":0.80419245,"65":0.80134245},"sma_50":{"0":1.1395368,"1":1.1347368,"2":1.1285368,"3":1.1237368,"4":1.1183068,"5":1.1126048,"6":1.1074048,"7":1.1032048,"8":1.0998048,"9":1.0968048,"10":1.0928048,"11":1.0880248,"12":1.0850248,"13":1.0806248,"14":1.0747788,"15":1.0691788,"16":1.0627788,"17":1.0559788,"18":1.0492998,"19":1.0424998,"20":1.0352998,"21":1.0283018,"22":1.0209018,"23":1.0131818,"24":1.0057818,"25":0.9990018,"26":0.9920218,"27":0.9841858,"28":0.9780998,"29":0.9727018,"30":0.9682338,"31":0.9614398,"32":0.9566398,"33":0.9510878,"34":0.9462878,"35":0.9422878,"36":0.9386678,"37":0.9326678,"38":0.9284858,"39":0.9246658,"40":0.9197638,"41":0.9166618,"42":0.9140418,"43":0.9095428,"44":0.9047428,"45":0.9001828,"46":0.8967928,"47":0.895141,"48":0.892841,"49":0.890241,"50":0.887041,"51":0.883241,"52":0.879919,"53":0.876119,"54":0.872351,"55":0.869089,"56":0.86489698,"57":0.86019498,