{"v":{"0":26804,"1":56813,"2":4075,"3":48053,"4":6813,"5":76531,"6":144,"7":1047,"8":9220,"9":995,"10":51236,"11":24437,"12":24317,"13":25377,"14":224125},"vw":{"0":8.8694,"1":8.9569,"2":8.8603,"3":8.6398,"4":8.9146,"5":8.5639,"6":8.2634,"7":8.2353,"8":8.3607,"9":8.4136,"10":9.2748,"11":9.8106,"12":9.3861,"13":9.6095,"14":9.9595},"o":{"0":9.03,"1":8.88,"2":8.81,"3":8.56,"4":8.56,"5":8.7,"6":8.26,"7":7.94,"8":8.14,"9":8.46,"10":8.44,"11":9.23,"12":9.88,"13":9.27,"14":10.04},"c":{"0":8.84,"1":9.055,"2":8.57,"3":8.62,"4":8.5,"5":8.37,"6":8.26,"7":8.465,"8":8.37,"9":8.43,"10":9.28,"11":9.1809,"12":9.3,"13":9.99,"14":9.73},"h":{"0":9.23,"1":9.085,"2":9.61,"3":8.68,"4":9.49,"5":8.77,"6":8.26,"7":8.465,"8":8.48,"9":8.46,"10":9.61,"11":10.025,"12":9.89,"13":10.305,"14":10.6078},"l":{"0":8.5401,"1":8.84,"2":8.57,"3":8.43,"4":8.5,"5":8.16,"6":8.26,"7":7.93,"8":8.14,"9":8.3435,"10":8.42,"11":8.67,"12":9.17,"13":9.15,"14":9.64},"t":{"0":1695650400000,"1":1695666600000,"2":1695731400000,"3":1695747600000,"4":1695812400000,"5":1695828600000,"6":1695893400000,"7":1695909600000,"8":1695925800000,"9":1695990600000,"10":1696006800000,"11":1696249800000,"12":1696266000000,"13":1696330800000,"14":1696347000000},"n":{"0":586,"1":860,"2":80,"3":711,"4":101,"5":966,"6":4,"7":26,"8":87,"9":11,"10":701,"11":501,"12":465,"13":311,"14":2376},"sma_20":{"0":9.12775,"1":9.2525,"2":9.32775,"3":9.38025,"4":9.42575,"5":9.46525,"6":9.43725,"7":9.3905,"8":9.30925,"9":9.201,"10":9.125,"11":9.069545,"12":9.011545,"13":9.001045,"14":8.947545},"sma_50":{"0":8.27695,"1":8.3067,"2":8.3187,"3":8.3213,"4":8.3295,"5":8.3349,"6":8.3397,"7":8.3506,"8":8.3604,"9":8.3726,"10":8.3938,"11":8.422618,"12":8.452418,"13":8.500018,"14":8.543418},"sma_100":{"0":7.284988,"1":7.320938,"2":7.351638,"3":7.382038,"4":7.413938,"5":7.4444,"6":7.4712,"7":7.50065,"8":7.52915,"9":7.55875,"10":7.59595,"11":7.631759,"12":7.668059,"13":7.712959,"14":7.754759},"rsi":{"0":49.519005118,"1":51.5980943082,"2":46.9050684111,"3":47.4358573005,"4":46.2410647431,"5":44.9210391886,"6":43.7821394087,"7":46.5042207093,"8":45.4069752847,"9":46.2692519292,"10":56.7025989607,"11":55.3530709648,"12":56.6872600442,"13":63.4936419163,"14":59.6874340439},"upper_bb":{"0":11.7298573949,"1":11.5586827654,"2":11.421860727,"3":11.3369536594,"4":11.2446399883,"5":11.1443051071,"6":11.1791137176,"7":11.1859383719,"8":11.1363019107,"9":10.9626756377,"10":10.719434399,"11":10.5676100446,"12":10.3658682196,"13":10.3193495706,"14":10.0229195266},"lower_bb":{"0":6.5256426051,"1":6.9463172346,"2":7.233639273,"3":7.4235463406,"4":7.6068600117,"5":7.7861948929,"6":7.6953862824,"7":7.5950616281,"8":7.4821980893,"9":7.4393243623,"10":7.530565601,"11":7.5714799554,"12":7.6572217804,"13":7.6827404294,"14":7.8721704734},"e26":{"0":8.9143752946,"1":8.9247919395,"2":8.8985110551,"3":8.8778806065,"4":8.8498894505,"5":8.8143420838,"6":8.7732797072,"7":8.7504441733,"8":8.7222631235,"9":8.7006140032,"10":8.7435314845,"11":8.7759291523,"12":8.8147492151,"13":8.9018048288,"14":8.9631526192},"e12":{"0":9.2588164666,"1":9.2274600871,"2":9.1263123814,"3":9.0484181689,"4":8.9640461429,"5":8.8726544286,"6":8.7783999011,"7":8.7301845317,"8":8.6747715268,"9":8.6371143689,"10":8.7360198506,"11":8.8044629505,"12":8.8806994196,"13":9.0513610474,"14":9.1557670401},"MACD":{"0":0.344441172,"1":0.3026681476,"2":0.2278013263,"3":0.1705375623,"4":0.1141566924,"5":0.0583123448,"6":0.0051201939,"7":-0.0202596416,"8":-0.0474915966,"9":-0.0634996343,"10":-0.0075116339,"11":0.0285337982,"12":0.0659502046,"13":0.1495562186,"14":0.1926144209},"e9":{"0":0.5220062417,"1":0.4781386229,"2":0.4280711636,"3":0.3765644433,"4":0.3240828931,"5":0.2709287835,"6":0.2177670656,"7":0.1701617241,"8":0.12663106,"9":0.0886049211,"10":0.0693816101,"11":0.0612120477,"12":0.0621596791,"13":0.079638987,"14":0.1022340738},"HIST":{"0":-0.1775650697,"1":-0.1754704752,"2":-0.2002698372,"3":-0.206026881,"4":-0.2099262007,"5":-0.2126164387,"6":-0.2126468716,"7":-0.1904213657,"8":-0.1741226566,"9":-0.1521045555,"10":-0.076893244,"11":-0.0326782495,"12":0.0037905255,"13":0.0699172316,"14":0.0903803471}}