{"v":{"0":46733.45,"1":438.85,"2":112551.45,"3":144040.9500000001,"4":153.3,"5":169.5,"6":194620.6,"7":108786.1500000001,"8":207.1,"9":855.9,"10":175455.2,"11":51530.35,"12":2681.6,"13":163307.9000000002,"14":30149.1,"15":164.4,"16":75156.1,"17":63732.1,"18":688.1,"19":408768.5499999998,"20":149819.65,"21":13.75,"22":1511.6,"23":279369.65,"24":108307.2,"25":3934.65,"26":276346.25,"27":47255.75,"28":29386.5,"29":207615.0,"30":883.55,"31":271.35,"32":253157.4,"33":179410.4,"34":79.9,"35":449.45},"vw":{"0":10.0213,"1":10.127,"2":10.0178,"3":9.806,"4":9.7575,"5":9.8125,"6":9.3456,"7":9.3655,"8":9.408,"9":9.5473,"10":9.3503,"11":9.3616,"12":9.3902,"13":9.5759,"14":9.7244,"15":9.6162,"16":9.8574,"17":9.7905,"18":9.8044,"19":10.5533,"20":10.7763,"21":10.952,"22":11.1211,"23":11.624,"24":11.6131,"25":11.4652,"26":11.1237,"27":11.0809,"28":10.9089,"29":11.1751,"30":11.2281,"31":11.1433,"32":12.1944,"33":12.201,"34":12.2397,"35":12.211},"o":{"0":10.128,"1":10.12,"2":10.2,"3":10.0,"4":9.756,"5":10.198,"6":9.758,"7":9.23,"8":9.408,"9":9.36,"10":9.414,"11":9.584,"12":9.2,"13":9.398,"14":9.6,"15":9.74,"16":9.588,"17":9.624,"18":9.882,"19":9.648,"20":10.602,"21":10.952,"22":10.8,"23":11.12,"24":11.558,"25":11.384,"26":11.412,"27":11.18,"28":10.81,"29":10.8622,"30":11.2,"31":10.996,"32":11.2,"33":12.294,"34":12.398,"35":12.2},"c":{"0":10.042,"1":10.192,"2":10.0,"3":9.7,"4":9.758,"5":9.78,"6":9.218,"7":9.41,"8":9.41,"9":9.518,"10":9.584,"11":9.374,"12":9.4,"13":9.6,"14":10.232,"15":9.6,"16":9.602,"17":9.882,"18":9.64,"19":10.588,"20":10.804,"21":10.952,"22":11.1,"23":11.59,"24":11.756,"25":11.596,"26":11.162,"27":11.002,"28":10.929,"29":11.316,"30":11.312,"31":11.044,"32":12.292,"33":12.398,"34":12.2,"35":12.3},"h":{"0":10.2,"1":10.2,"2":10.3,"3":10.124,"4":9.758,"5":10.198,"6":9.97,"7":9.6,"8":9.412,"9":9.8,"10":9.8,"11":9.586,"12":9.518,"13":9.758,"14":10.232,"15":9.74,"16":10.2,"17":9.998,"18":9.98,"19":10.98,"20":11.02,"21":10.952,"22":11.3,"23":11.998,"24":11.898,"25":11.738,"26":11.59,"27":11.2,"28":11.4,"29":11.348,"30":11.318,"31":11.2,"32":12.76,"33":12.4,"34":12.398,"35":12.3},"l":{"0":9.94,"1":10.08,"2":9.8,"3":9.624,"4":9.756,"5":9.78,"6":9.14,"7":9.19,"8":9.408,"9":9.358,"10":9.108,"11":9.2,"12":9.2,"13":9.222,"14":9.596,"15":9.22,"16":9.5,"17":9.602,"18":9.64,"19":9.648,"20":10.458,"21":10.952,"22":10.67,"23":11.0,"24":11.53,"25":11.184,"26":10.8,"27":11.002,"28":10.81,"29":10.8622,"30":11.026,"31":10.996,"32":11.06,"33":11.928,"34":12.132,"35":12.07},"t":{"0":1685126700000,"1":1685419200000,"2":1685441700000,"3":1685464200000,"4":1685486700000,"5":1685509200000,"6":1685531700000,"7":1685554200000,"8":1685576700000,"9":1685599200000,"10":1685621700000,"11":1685644200000,"12":1685689200000,"13":1685711700000,"14":1685734200000,"15":1685936700000,"16":1685959200000,"17":1685981700000,"18":1686004200000,"19":1686049200000,"20":1686071700000,"21":1686094200000,"22":1686116700000,"23":1686139200000,"24":1686161700000,"25":1686206700000,"26":1686229200000,"27":1686251700000,"28":1686296700000,"29":1686319200000,"30":1686341700000,"31":1686544200000,"32":1686566700000,"33":1686589200000,"34":1686611700000,"35":1686634200000},"n":{"0":2487,"1":31,"2":5012,"3":6560,"4":14,"5":15,"6":9003,"7":6116,"8":5,"9":87,"10":7502,"11":2607,"12":104,"13":8407,"14":1989,"15":12,"16":4448,"17":5106,"18":16,"19":14158,"20":6305,"21":2,"22":114,"23":11613,"24":4699,"25":99,"26":12192,"27":2814,"28":1327,"29":11322,"30":30,"31":63,"32":10647,"33":8693,"34":6,"35":52}}